<?xml version="1.0" encoding="utf-8" ?>
<dwsync>
<file name="login.jsp" server="C:/Users/chuan/Documents/HiPower/" local="129905945042403314" remote="129905945040000000" />
<file name="index.jsp" server="C:/Users/chuan/Documents/HiPower/" local="130080473154527633" remote="130080473150000000" />
<file name="userAdd.jsp" server="C:/Users/chuan/Documents/HiPower/" local="129846551092506946" remote="129846551090000000" />
<file name="userList.jsp" server="C:/Users/chuan/Documents/HiPower/" local="129846661782948077" remote="129846661780000000" />
<file name="CompanyList.jsp" server="C:/Users/chuan/Documents/HiPower/" local="129847377348160952" remote="129847377340000000" />
<file name="companyAdd.jsp" server="C:/Users/chuan/Documents/HiPower/" local="129846746685044200" remote="129846746680000000" />
<file name="userUpdateNew.jsp" server="C:/Users/chuan/Documents/HiPower/" local="129847372577588091" remote="129847372570000000" />
<file name="forgotPassword.jsp" server="C:/Users/chuan/Documents/HiPower/" local="129879169363507274" remote="129879169360000000" />
<file name="indexList.jsp" server="C:/Users/chuan/Documents/HiPower/" local="129967423409473281" remote="129967423400000000" />
</dwsync>