<?xml version="1.0" encoding="utf-8" ?>
<dwsync>
<file name="calendar.png" server="C:/Users/chuan/Documents/HiPower/" local="129847371888568681" remote="129847371880000000" />
<file name="header-top_bg.png" server="C:/Users/chuan/Documents/HiPower/" local="129099054320000000" remote="129099054320000000" />
<file name="header-bottom_bg.png" server="C:/Users/chuan/Documents/HiPower/" local="129099066160000000" remote="129099066160000000" />
<file name="header_bg.png" server="C:/Users/chuan/Documents/HiPower/" local="129099060260000000" remote="129099060260000000" />
<file name="content_bg.png" server="C:/Users/chuan/Documents/HiPower/" local="129099148080000000" remote="129099148080000000" />
<file name="li_arrow.png" server="C:/Users/chuan/Documents/HiPower/" local="129099170540000000" remote="129099170540000000" />
<file name="testimonial_bg.png" server="C:/Users/chuan/Documents/HiPower/" local="129099442660000000" remote="129099442660000000" />
<file name="footer_top_bg.png" server="C:/Users/chuan/Documents/HiPower/" local="129099464560000000" remote="129099464560000000" />
<file name="footer_bottom_bg.png" server="C:/Users/chuan/Documents/HiPower/" local="129099465040000000" remote="129099465040000000" />
<file name="main_logo.png" server="C:/Users/chuan/Documents/HiPower/" local="129856912410000000" remote="129856912410000000" />
<file name="logo_divider.png" server="C:/Users/chuan/Documents/HiPower/" local="129099083280000000" remote="129099083280000000" />
<file name="home-icon.png" server="C:/Users/chuan/Documents/HiPower/" local="129099160400000000" remote="129099160400000000" />
<file name="twitter_icon.png" server="C:/Users/chuan/Documents/HiPower/" local="129084584160000000" remote="129084584160000000" />
<file name="facebook_icon.png" server="C:/Users/chuan/Documents/HiPower/" local="129084584340000000" remote="129084584340000000" />
<file name="linkdin_icon.png" server="C:/Users/chuan/Documents/HiPower/" local="129084584600000000" remote="129084584600000000" />
<file name="download_brochure_btn.png" server="C:/Users/chuan/Documents/HiPower/" local="129099459940000000" remote="129099459940000000" />
<file name="search.png" server="C:/Users/chuan/Documents/HiPower/" local="129849826900000000" remote="129849826900000000" />
<file name="send_btn.png" server="C:/Users/chuan/Documents/HiPower/" local="129850789040000000" remote="129850789040000000" />
<file name="add_btn.png" server="C:/Users/chuan/Documents/HiPower/" local="129850804160000000" remote="129850804160000000" />
<file name="preferences_icon.png" server="C:/Users/chuan/Documents/HiPower/" local="129851914460000000" remote="129851914460000000" />
<file name="cancel_btn.png" server="C:/Users/chuan/Documents/HiPower/" local="129850804920000000" remote="129850804920000000" />
<file name="BackC_btn.png" server="C:/Users/chuan/Documents/HiPower/" local="129850800840000000" remote="129850800840000000" />
<file name="modify_btn.png" server="C:/Users/chuan/Documents/HiPower/" local="129850801180000000" remote="129850801180000000" />
<file name="delete_btn.png" server="C:/Users/chuan/Documents/HiPower/" local="129850801600000000" remote="129850801600000000" />
<file name="0806-1_01.jpg" server="C:/Users/chuan/Documents/HiPower/" local="129886969860000000" remote="129886969860000000" />
<file name="0806-1_02.jpg" server="C:/Users/chuan/Documents/HiPower/" local="129887952080000000" remote="129887952080000000" />
<file name="0806-1_04.jpg" server="C:/Users/chuan/Documents/HiPower/" local="129886969860000000" remote="129886969860000000" />
<file name="0806-1_05.jpg" server="C:/Users/chuan/Documents/HiPower/" local="129887953040000000" remote="129887953040000000" />
<file name="0806-1_06.jpg" server="C:/Users/chuan/Documents/HiPower/" local="129887968560000000" remote="129887968560000000" />
<file name="0806-2_06.jpg" server="C:/Users/chuan/Documents/HiPower/" local="129887969500000000" remote="129887969500000000" />
<file name="0806-1_07.jpg" server="C:/Users/chuan/Documents/HiPower/" local="129887953040000000" remote="129887953040000000" />
<file name="0806-1_03.jpg" server="C:/Users/chuan/Documents/HiPower/" local="129886969860000000" remote="129886969860000000" />
<file name="fig1.png" server="C:/Users/chuan/Documents/HiPower/" local="129866212910405589" remote="129866212910000000" />
</dwsync>