<?xml version="1.0" encoding="utf-8" ?>
<dwsync>
<file name="left.png" server="C:/Users/chuan/Documents/HiPower/" local="129761872328198189" remote="129761872320000000" />
<file name="right.png" server="C:/Users/chuan/Documents/HiPower/" local="129761872334988577" remote="129761872330000000" />
<file name="botleft.png" server="C:/Users/chuan/Documents/HiPower/" local="129761872324938002" remote="129761872320000000" />
<file name="botright.png" server="C:/Users/chuan/Documents/HiPower/" local="129761872326998120" remote="129761872320000000" />
<file name="blurry.jpg" server="C:/Users/chuan/Documents/HiPower/" local="129761872322347854" remote="129761872320000000" />
<file name="back.png" server="C:/Users/chuan/Documents/HiPower/" local="129761872322507863" remote="129761872320000000" />
<file name="gradhead.png" server="C:/Users/chuan/Documents/HiPower/" local="129761872327048123" remote="129761872320000000" />
<file name="gradback.png" server="C:/Users/chuan/Documents/HiPower/" local="129761872326638100" remote="129761872320000000" />
<file name="gradhover.png" server="C:/Users/chuan/Documents/HiPower/" local="129761872328798223" remote="129761872320000000" />
<file name="pattern.png" server="C:/Users/chuan/Documents/HiPower/" local="129761872332228419" remote="129761872330000000" />
<file name="pattern-head.png" server="C:/Users/chuan/Documents/HiPower/" local="129761872330848341" remote="129761872330000000" />
<file name="patternb.png" server="C:/Users/chuan/Documents/HiPower/" local="129761872332598441" remote="129761872330000000" />
<file name="patternb-head.png" server="C:/Users/chuan/Documents/HiPower/" local="129761872332518436" remote="129761872330000000" />
</dwsync>