<?xml version="1.0" encoding="ISO-8859-1"?>

<decorators defaultdir="/decorators">
    <!-- Any urls that are excluded will never be decorated by Sitemesh -->
    <excludes>
        <pattern>/exclude.jsp</pattern>
        <pattern>/exclude/*</pattern>
        <pattern>/fileUpload/*</pattern>
        <pattern>*API.jsp*</pattern>
    </excludes>

    <decorator name="main" page="main.jsp">
        <pattern>/*</pattern>
    </decorator>   

    <decorator name="panel" page="panel.jsp"/>
    <decorator name="printable" page="printable.jsp"/>
    <decorator name="black" page="black.jsp"/>
    <decorator name="nopanelsource" page="nopanelsource.jsp"/>
    <decorator name="badpanelsource" page="badpanelsource.jsp"/>
    <decorator name="mainNoMenu" page="mainNoMenu.jsp"/>
    <decorator name="mainMobileDetail" page="mainMobileDetail.jsp"/>

    <decorator name="velocity" page="velocity.vm">
        <pattern>/velocity.html</pattern>
    </decorator>

    <decorator name="freemarker" page="freemarker.ftl">
        <pattern>/freemarker.html</pattern>
    </decorator>

    <decorator name="test" page="test.jsp">
        <pattern>/agent.jsp</pattern>
    </decorator>
</decorators>