<?xml version="1.0" encoding="ISO-8859-1"?>
<!-- the proxool configuration can be embedded within your own application's.
Anything outside the "proxool" tag is ignored. -->
<something-else-entirely>
  <proxool>
    <alias>DatabaseString</alias>
    <driver-url>
      jdbc:mysql://localhost/YOUR_DATABASE
    </driver-url>
    <driver-class>
      org.gjt.mm.mysql.Driver
    </driver-class>
    <driver-properties>
      <property name="user" value="root"/>
      <property name="password" value="YOUR_PASSWORD"/>
    </driver-properties>
    <maximum-connection-count>500</maximum-connection-count>
    <minimum-connection-count>1</minimum-connection-count>
    <house-keeping-test-sql>select CURRENT_DATE</house-keeping-test-sql>
    <statistics>1m,15m,1d</statistics>
  </proxool>

  <proxool>
    <alias>DatabaseStringSQLServer</alias>
    <driver-url>
      jdbc:sqlserver://localhost:1433;databaseName=YOUR_DATABASE
    </driver-url>
    <driver-class>
      com.microsoft.sqlserver.jdbc.SQLServerDriver
    </driver-class>
    <driver-properties>
      <property name="user" value="sa"/>
      <property name="password" value="YOUR_PASSWORD"/>
    </driver-properties>
    <maximum-connection-count>500</maximum-connection-count>
    <house-keeping-test-sql>select CURRENT_DATE</house-keeping-test-sql>
  </proxool>
</something-else-entirely>