<?xml version="1.0" encoding="utf-8" ?>
<dwsync>
<file name="jquery.js" server="C:/Users/chuan/Documents/HiPower/" local="129100280120000000" remote="129100280120000000" />
<file name="jquery.pngFix.js" server="C:/Users/chuan/Documents/HiPower/" local="128810817080000000" remote="128810817080000000" />
<file name="jquery.validate.js" server="C:/Users/chuan/Documents/HiPower/" local="129100273740000000" remote="129100273740000000" />
<file name="jquery.ui.core.js" server="C:/Users/chuan/Documents/HiPower/" local="129852377212221023" remote="129852377210000000" />
<file name="jquery.ui.widget.js" server="C:/Users/chuan/Documents/HiPower/" local="129852377031690697" remote="129852377030000000" />
<file name="photoScale.js" server="C:/Users/chuan/Documents/HiPower/" local="129905102446196273" remote="129905102440000000" />
<file name="jquery-1.7.2.min.js" server="C:/Users/chuan/Documents/HiPower/" local="129790980280000000" remote="129790980280000000" />
<file name="jquery-ui-1.8.21.custom.min.js" server="C:/Users/chuan/Documents/HiPower/" local="129864102640000000" remote="129864102640000000" />
<file name="jquery.ui.datepicker-zh-TW.js" server="C:/Users/chuan/Documents/HiPower/" local="129864675797204721" remote="129864675790000000" />
<file name="jquery-1.7.2.js" server="C:/Users/chuan/Documents/HiPower/" local="129852379876773427" remote="129852379870000000" />
<file name="jquery.multiselect.js" server="C:/Users/chuan/Documents/HiPower/" local="129886114566846414" remote="129886114560000000" />
<file name="jquery.multiselect.filter.js" server="C:/Users/chuan/Documents/HiPower/" local="129795123540000000" remote="129795123540000000" />
<file name="jquery.multiselect.filter.zh-tw.js" server="C:/Users/chuan/Documents/HiPower/" local="129795123540000000" remote="129795123540000000" />
<file name="jquery-lang.js" server="C:/Users/chuan/Documents/HiPower/" local="129891692345699268" remote="129891692340000000" />
</dwsync>